,Red,Green,Blue,White
x1,0.7829230181579581,0.6917249376226057,0.6811958630293945,0.9327832824124871
x2,0.5902443575270205,0.43056110024281735,0.7919737897788259,0.839044620197461
x3,0.38590796773540414,0.09328811945350612,0.7312640343637458,0.9404148686532876
x4,0.0007793108034749308,0.039772262406791214,0.5849735675928188,0.11058698273092615
